min,max,value
18,20,1.4589664
21,24,1.2556321
25,99,1.00000
