key,value
1,0.7569
2,0.8900
3,1.00000
4,0.7569
5,0.8900
6,1.00000
7,0.7569
8,0.8900
9,1.00000
10,1.2
11,0.7569
12,0.8900
13,1.00000
14,0.7569
15,0.8900
16,1.00000
